id,created_at,updated_at,to,title,description,freq_auto,freq_count,freq_period_id,freq_start_id,message,attachments,format_id
14,2023-04-23 06:27:54,2023-04-26 00:51:33,Raegan Bergnaum,test,Et excepturi mollitia corporis at quidem voluptatem.,1,4,4,74,Qui occaecati qui non voluptas. Aut hic consequatur sunt facere qui. Accusantium nostrum ipsa necessitatibus quis ut odio possimus. Velit labore ut voluptatem.,,4
24,2023-04-23 06:27:54,2023-04-25 18:29:40,Henri Kub DDS,iste fugiat iste,Quia maiores qui ea earum nobis fugit suscipit et consequuntur non esse.,,5,14,54,Saepe tempora nobis non quod qui. Qui ut assumenda voluptatem distinctio voluptates a id. Sunt velit et voluptatibus deserunt esse.,,24
34,2023-04-23 06:27:54,2023-04-23 06:27:54,Ms. Therese Toy,modi recusandae nulla,Accusantium voluptate est dolores natus aliquam beatae delectus.,1,1,34,44,Nam quo nobis nesciunt quam sapiente. Soluta vel nostrum dolores saepe et perferendis. Quia nobis quia veniam id. Occaecati omnis sequi officiis qui.,,14
44,2023-04-23 06:27:54,2023-04-25 17:18:36,Mr. Branson Russel,ok,Ex necessitatibus inventore eius non ullam et odio et minima quisquam aliquam expedita.,1,,4,94,Et eos eius nam eos quia necessitatibus. Consequatur quasi autem culpa veritatis. Labore explicabo soluta neque recusandae voluptas.,,4
54,2023-04-23 06:27:55,2023-04-23 06:27:55,Clare Ortiz,recusandae sequi incidunt,Repellat nam magni ut aliquam quis laboriosam ipsam.,1,3,14,64,Autem velit est excepturi ut hic saepe voluptatem. Doloribus ea repellat aut a.,,14
64,2023-04-23 06:27:55,2023-04-23 06:27:55,Stephen Feeney,est architecto rem,Excepturi aut labore beatae debitis molestiae nostrum praesentium est eius soluta.,1,3,4,24,Placeat culpa eos rerum aut aut esse. Et rerum incidunt distinctio vero soluta. Et facilis deserunt a saepe iste in libero adipisci.,,4
74,2023-04-23 06:27:55,2023-04-23 06:27:55,Krista Gerhold,sunt hic quod,Aspernatur aut minima pariatur praesentium et est eum velit rem at.,0,8,14,34,Corrupti ducimus suscipit molestias eos. Distinctio rerum suscipit quasi asperiores fugiat. Illo at fuga ipsa reprehenderit cum ut. Tempore atque perspiciatis nemo ad nisi blanditiis.,,24
84,2023-04-23 06:27:55,2023-04-23 06:27:55,Mrs. Carole Upton IV,fugit omnis et,Quia eligendi hic dolorum ipsa dignissimos officiis minus voluptas.,1,7,4,64,A et tempore repellat voluptas nemo. Non quae omnis et distinctio provident soluta aperiam perferendis. Expedita animi et corrupti perspiciatis.,,4
94,2023-04-23 06:27:55,2023-04-23 06:27:55,Rick Bayer,eos adipisci omnis,Eveniet corporis sunt praesentium nulla cumque maxime nulla cupiditate culpa ducimus velit aperiam dolor.,1,1,14,84,Facilis ipsam ipsum voluptas. Ullam et ut eum maiores. Velit ut omnis ipsum velit sit impedit beatae delectus. Voluptas est voluptate sed libero fuga architecto dolorum quam.,,14
134,2023-04-24 17:17:08,2023-04-26 00:28:16,yes,insert title here,yes,1,,,,ok,,4
144,2023-04-26 00:50:58,2023-04-26 00:50:58,itp460,itp460,demo,,4,14,44,hi,,14