id,name,path,created_at,updated_at,user_id,requirement_id
4,qui ipsa odio,http://www.kulas.com/earum-non-a-voluptatem-dignissimos-quia-harum,2023-04-22 18:29:29,2023-04-22 18:29:29,474,54
14,ea possimus voluptate,http://ziemann.com/maxime-eum-quia-similique-earum.html,2023-04-22 18:29:29,2023-04-22 18:29:29,614,34
24,modi soluta et,http://www.senger.com/voluptas-repellendus-occaecati-consequatur-officiis,2023-04-22 18:29:29,2023-04-22 18:29:29,784,64
34,et sequi facilis,http://bernhard.com/aut-et-suscipit-tenetur-quia,2023-04-22 18:29:29,2023-04-22 18:29:29,204,24
44,repudiandae quas ut,https://www.buckridge.net/et-odio-architecto-illum-ex-occaecati-at-dignissimos,2023-04-22 18:29:30,2023-04-22 18:29:30,734,134
54,nulla qui fugiat,http://www.wunsch.com/voluptatem-asperiores-harum-facilis-iste-mollitia-itaque-voluptas,2023-04-22 18:29:30,2023-04-22 18:29:30,994,154
64,alias perferendis aspernatur,http://www.schiller.com/incidunt-quos-eaque-et-molestiae.html,2023-04-22 18:29:30,2023-04-22 18:29:30,74,64
74,ea repellendus fuga,http://www.sanford.com/enim-pariatur-deleniti-aut-ab-fuga,2023-04-22 18:29:30,2023-04-22 18:29:30,274,144
84,consectetur aut ea,https://www.bahringer.com/blanditiis-distinctio-architecto-dolorem-quis-esse-doloremque,2023-04-22 18:29:30,2023-04-22 18:29:30,744,164
94,a assumenda rerum,http://nitzsche.com/nulla-ea-voluptatem-omnis,2023-04-22 18:29:30,2023-04-22 18:29:30,784,54
104,facere quia et,http://www.johnston.com/hic-sequi-laboriosam-aperiam-atque-minus-eveniet.html,2023-04-22 18:29:31,2023-04-22 18:29:31,224,84
114,quis non officia,http://www.muller.net/,2023-04-22 18:29:31,2023-04-22 18:29:31,754,114
124,eligendi reiciendis quia,http://www.huel.com/rerum-provident-et-soluta-laudantium-enim-a,2023-04-22 18:29:31,2023-04-22 18:29:31,644,94
134,odio dicta dignissimos,http://yundt.com/cumque-impedit-mollitia-doloribus-consequuntur-temporibus-officiis-iste.html,2023-04-22 18:29:31,2023-04-22 18:29:31,344,44
144,eveniet ex et,http://waters.com/,2023-04-22 18:29:31,2023-04-22 18:29:31,414,114
154,ut cumque voluptate,http://www.pfannerstill.com/,2023-04-22 18:29:32,2023-04-22 18:29:32,134,64
164,necessitatibus esse vitae,http://www.gottlieb.com/,2023-04-22 18:29:32,2023-04-22 18:29:32,604,164
174,necessitatibus consequatur aliquam,http://yost.com/,2023-04-22 18:29:32,2023-04-22 18:29:32,524,84
184,beatae et quas,http://mraz.com/sequi-eum-itaque-quisquam,2023-04-22 18:29:32,2023-04-22 18:29:32,884,64
194,blanditiis inventore hic,http://dibbert.com/doloribus-tenetur-quibusdam-eum-praesentium-quaerat.html,2023-04-22 18:29:32,2023-04-22 18:29:32,444,114
204,et sapiente nam,http://rutherford.com/quia-mollitia-recusandae-et-magni,2023-04-22 18:29:32,2023-04-22 18:29:32,444,64
214,expedita explicabo dolores,http://schowalter.com/ea-reiciendis-velit-omnis-numquam-sit-illo-quia.html,2023-04-22 18:29:33,2023-04-22 18:29:33,264,94
224,vel possimus aut,http://www.kunze.info/,2023-04-22 18:29:33,2023-04-22 18:29:33,284,104
234,consectetur ex totam,https://www.kreiger.com/sint-vel-quia-quo-voluptas-qui-voluptates-excepturi,2023-04-22 18:29:33,2023-04-22 18:29:33,504,144
244,aperiam architecto in,https://www.becker.com/voluptatibus-aspernatur-quia-quia-tempore-iure-excepturi,2023-04-22 18:29:33,2023-04-22 18:29:33,644,64
254,reprehenderit saepe aut,http://jerde.org/aut-eaque-et-enim-eum-consequatur-aliquam-est-praesentium,2023-04-22 18:29:33,2023-04-22 18:29:33,134,94
264,omnis id id,http://macejkovic.net/sit-libero-quis-ipsam-doloribus-illum,2023-04-22 18:29:33,2023-04-22 18:29:33,454,114
274,eius soluta sed,http://pagac.biz/qui-ea-quaerat-fugit-labore-minus.html,2023-04-22 18:29:34,2023-04-22 18:29:34,264,154
284,et tenetur a,http://www.rau.biz/,2023-04-22 18:29:34,2023-04-22 18:29:34,24,164
294,cupiditate laborum fugit,http://www.gutmann.net/,2023-04-22 18:29:34,2023-04-22 18:29:34,124,4
304,aperiam laboriosam quidem,https://www.rodriguez.net/possimus-repellat-est-enim-quidem-dolore-voluptates-impedit,2023-04-22 18:29:34,2023-04-22 18:29:34,514,34
314,aut praesentium enim,https://fisher.com/ut-ipsa-iure-voluptatem-rerum.html,2023-04-22 18:29:34,2023-04-22 18:29:34,774,74
324,dolore molestias ut,https://www.moen.com/veritatis-molestias-ipsam-culpa-eos-animi-ab,2023-04-22 18:29:34,2023-04-22 18:29:34,804,94
334,adipisci fugit sit,http://www.zulauf.com/dignissimos-voluptatem-autem-qui-nihil-est-et-dolore,2023-04-22 18:29:35,2023-04-22 18:29:35,64,134
344,architecto esse adipisci,http://powlowski.org/sapiente-id-in-explicabo-ea-veniam-ut-optio-temporibus,2023-04-22 18:29:35,2023-04-22 18:29:35,904,4
354,qui sed quia,http://konopelski.net/libero-deleniti-repudiandae-recusandae-commodi-ea-maxime-qui.html,2023-04-22 18:29:35,2023-04-22 18:29:35,194,24
364,praesentium velit reiciendis,http://www.smitham.com/,2023-04-22 18:29:35,2023-04-22 18:29:35,914,4
374,reiciendis et odio,https://www.wunsch.com/ex-consequatur-enim-ex-sit-distinctio,2023-04-22 18:29:35,2023-04-22 18:29:35,704,74
384,temporibus omnis nobis,https://www.torp.com/eum-aliquid-aliquid-ea-hic-qui,2023-04-22 18:29:35,2023-04-22 18:29:35,284,64
394,suscipit delectus quo,http://towne.com/autem-eum-ab-quia-nam-id-voluptate,2023-04-22 18:29:36,2023-04-22 18:29:36,184,74
404,nisi sunt et,http://www.koelpin.net/praesentium-corrupti-neque-blanditiis-est-voluptates-enim-omnis,2023-04-22 18:29:36,2023-04-22 18:29:36,734,104
414,voluptatem similique id,http://walker.com/,2023-04-22 18:29:36,2023-04-22 18:29:36,784,14
424,et earum aut,http://kovacek.com/,2023-04-22 18:29:36,2023-04-22 18:29:36,994,4
434,beatae praesentium quae,http://www.collins.info/fugiat-voluptatem-veritatis-nemo-nobis-voluptas-et,2023-04-22 18:29:36,2023-04-22 18:29:36,514,64
444,itaque ipsa natus,http://anderson.com/consequuntur-quam-adipisci-qui-magni-ex-non-sunt,2023-04-22 18:29:36,2023-04-22 18:29:36,884,124
454,et minus laudantium,http://www.koepp.com/et-officia-repellendus-sed-exercitationem-est-quas,2023-04-22 18:29:37,2023-04-22 18:29:37,954,104
464,voluptatem et assumenda,https://www.rempel.com/omnis-molestiae-ullam-id-autem-eum,2023-04-22 18:29:37,2023-04-22 18:29:37,404,104
474,omnis iste eum,http://www.terry.net/,2023-04-22 18:29:37,2023-04-22 18:29:37,974,124
484,consectetur voluptatibus ullam,http://anderson.com/,2023-04-22 18:29:37,2023-04-22 18:29:37,274,94
494,ut sed perferendis,http://upton.com/omnis-vitae-nostrum-officiis-sunt-autem,2023-04-22 18:29:37,2023-04-22 18:29:37,284,134
504,odio sed est,http://www.koelpin.biz/,2023-04-22 18:29:37,2023-04-22 18:29:37,134,4
514,expedita sed occaecati,http://www.stehr.com/,2023-04-22 18:29:38,2023-04-22 18:29:38,234,154
524,id amet debitis,http://www.hettinger.com/,2023-04-22 18:29:38,2023-04-22 18:29:38,754,64
534,temporibus labore sit,http://www.hoppe.net/dolores-aperiam-ex-est-maxime-consequatur-enim,2023-04-22 18:29:38,2023-04-22 18:29:38,694,154
544,veniam doloremque eius,http://www.larson.com/quam-sint-in-molestiae-rem-veniam-iure.html,2023-04-22 18:29:38,2023-04-22 18:29:38,524,164
554,ut omnis excepturi,http://www.schneider.org/totam-eos-unde-culpa-voluptatem-laboriosam-totam.html,2023-04-22 18:29:38,2023-04-22 18:29:38,344,44
564,molestiae consequuntur totam,http://bechtelar.com/ipsa-a-est-consequatur-voluptas,2023-04-22 18:29:39,2023-04-22 18:29:39,254,144
574,labore ratione praesentium,http://cronin.com/quia-ut-ut-quas-sed,2023-04-22 18:29:39,2023-04-22 18:29:39,244,14
584,quia quo et,http://weissnat.com/in-officiis-qui-non-sequi-blanditiis-facilis-vero,2023-04-22 18:29:39,2023-04-22 18:29:39,114,104
594,omnis illum et,http://ondricka.com/distinctio-est-deleniti-a-ut,2023-04-22 18:29:39,2023-04-22 18:29:39,164,34
604,vel amet qui,http://www.turner.com/est-qui-id-perspiciatis-rerum,2023-04-22 18:29:39,2023-04-22 18:29:39,444,164
614,eum enim tenetur,http://www.carter.com/facere-voluptatem-et-velit,2023-04-22 18:29:39,2023-04-22 18:29:39,174,84
624,et aut cumque,http://collier.org/quos-autem-consectetur-doloremque-tempora-odit-nihil-et,2023-04-22 18:29:40,2023-04-22 18:29:40,824,24
634,et nihil sit,http://www.collins.com/veniam-quas-molestiae-qui-quia-laborum-officiis-sequi,2023-04-22 18:29:40,2023-04-22 18:29:40,994,154
644,quis adipisci delectus,https://www.schmeler.com/est-magnam-atque-aliquam-suscipit,2023-04-22 18:29:40,2023-04-22 18:29:40,464,94
654,pariatur ad doloremque,http://hane.org/qui-dolorum-ratione-ut-mollitia-aspernatur-sit,2023-04-22 18:29:40,2023-04-22 18:29:40,624,74
664,tenetur sit tempora,http://powlowski.com/,2023-04-22 18:29:40,2023-04-22 18:29:40,24,124
674,eum voluptas exercitationem,https://hyatt.net/earum-magnam-sapiente-incidunt.html,2023-04-22 18:29:40,2023-04-22 18:29:40,284,34
684,doloribus ipsa eligendi,http://www.wiegand.org/soluta-inventore-tenetur-ut-deleniti-et-minus.html,2023-04-22 18:29:41,2023-04-22 18:29:41,554,94
694,optio praesentium iure,http://www.harvey.com/nemo-quo-similique-maiores,2023-04-22 18:29:41,2023-04-22 18:29:41,134,74
704,quisquam delectus eaque,http://www.bednar.com/nisi-rem-eaque-suscipit-iusto-animi-amet-iure,2023-04-22 18:29:41,2023-04-22 18:29:41,374,24
714,commodi eos voluptates,https://www.lowe.com/inventore-ipsum-unde-et-iste-iure-ut,2023-04-22 18:29:41,2023-04-22 18:29:41,764,164
724,itaque neque accusamus,http://jacobson.com/maiores-enim-rem-fugit-sed-reprehenderit-amet-et,2023-04-22 18:29:41,2023-04-22 18:29:41,274,114
734,tenetur nemo sunt,http://www.murray.biz/sint-enim-sunt-saepe-eius.html,2023-04-22 18:29:41,2023-04-22 18:29:41,114,44
744,ut sed eos,https://www.becker.com/consequatur-est-dolorum-deserunt-vel-necessitatibus-et,2023-04-22 18:29:42,2023-04-22 18:29:42,564,14
754,eveniet nam nulla,http://zemlak.com/itaque-molestiae-quisquam-dolorem-dolor.html,2023-04-22 18:29:42,2023-04-22 18:29:42,234,104
764,necessitatibus sed eum,http://www.fahey.com/,2023-04-22 18:29:42,2023-04-22 18:29:42,124,44
774,sed corporis velit,http://dooley.info/nobis-velit-dicta-est-hic-repudiandae-explicabo-velit.html,2023-04-22 18:29:42,2023-04-22 18:29:42,94,164
784,aut saepe totam,http://www.lemke.com/ex-consequuntur-corporis-eligendi-fugit-quia,2023-04-22 18:29:42,2023-04-22 18:29:42,904,134
794,ipsa harum qui,http://boyer.com/,2023-04-22 18:29:43,2023-04-22 18:29:43,664,64
804,tenetur ex quidem,http://shields.com/occaecati-et-repudiandae-aperiam-optio-fugiat-nihil-et-consequuntur.html,2023-04-22 18:29:43,2023-04-22 18:29:43,834,124
814,nobis omnis qui,http://batz.info/,2023-04-22 18:29:43,2023-04-22 18:29:43,274,34
824,dolor voluptatem similique,http://www.stamm.com/soluta-tenetur-rerum-iure-earum-tenetur-optio,2023-04-22 18:29:43,2023-04-22 18:29:43,524,64
834,possimus adipisci sit,http://www.cummerata.biz/quia-non-soluta-deserunt-harum-omnis-possimus-cupiditate-odio.html,2023-04-22 18:29:43,2023-04-22 18:29:43,654,144
844,ut porro eos,http://www.jacobs.biz/voluptates-natus-et-culpa-sit,2023-04-22 18:29:43,2023-04-22 18:29:43,964,124
854,ut earum tempore,http://considine.info/asperiores-rerum-necessitatibus-qui-assumenda-accusamus-sit,2023-04-22 18:29:44,2023-04-22 18:29:44,94,94
864,officiis quaerat voluptates,http://www.beahan.com/,2023-04-22 18:29:44,2023-04-22 18:29:44,964,44
874,voluptas expedita et,http://www.schamberger.info/non-accusamus-aliquid-optio-quae-culpa-voluptas-laborum.html,2023-04-22 18:29:44,2023-04-22 18:29:44,774,34
884,et hic quia,https://www.dooley.net/sequi-ab-et-qui-consequuntur-et-dolorem-animi-ipsa,2023-04-22 18:29:44,2023-04-22 18:29:44,204,114
894,nemo consequatur assumenda,https://mraz.com/commodi-iste-distinctio-praesentium-et-odit-non-amet.html,2023-04-22 18:29:44,2023-04-22 18:29:44,164,14
904,voluptatem molestias harum,https://erdman.com/iusto-dolorem-recusandae-harum-fuga-quod-sint.html,2023-04-22 18:29:44,2023-04-22 18:29:44,694,154
914,sunt voluptatem fuga,http://bashirian.com/esse-consequatur-minus-et-assumenda-quidem-maiores-eum.html,2023-04-22 18:29:45,2023-04-22 18:29:45,334,104
924,architecto minus culpa,http://www.blanda.com/,2023-04-22 18:29:45,2023-04-22 18:29:45,324,44
934,impedit aspernatur dolorem,http://www.robel.info/officiis-ex-mollitia-sed-quo-veritatis-iure-aut,2023-04-22 18:29:45,2023-04-22 18:29:45,904,24
944,sunt doloribus ullam,http://stoltenberg.com/eveniet-illum-molestiae-facere-architecto-fugiat-aliquam-officia.html,2023-04-22 18:29:45,2023-04-22 18:29:45,824,44
954,hic voluptate provident,http://www.lemke.biz/,2023-04-22 18:29:45,2023-04-22 18:29:45,894,64
964,iste vel laboriosam,http://www.jacobs.com/earum-magnam-eaque-voluptas-accusamus-aperiam-reiciendis-sint,2023-04-22 18:29:45,2023-04-22 18:29:45,624,104
974,porro est quos,http://sauer.net/,2023-04-22 18:29:46,2023-04-22 18:29:46,594,94
984,aut molestias aut,http://yundt.biz/debitis-quos-repudiandae-debitis-reprehenderit-quis-laudantium-repellendus,2023-04-22 18:29:46,2023-04-22 18:29:46,764,124
994,odit culpa sunt,https://www.dicki.com/soluta-quo-alias-nihil-minus-deserunt,2023-04-22 18:29:46,2023-04-22 18:29:46,724,114
1004,dolorem id non,https://www.wilderman.info/nam-eum-aperiam-delectus-amet,2023-04-22 18:29:46,2023-04-22 18:29:46,74,114
1014,recusandae nemo omnis,http://www.dare.info/,2023-04-22 18:29:46,2023-04-22 18:29:46,574,74
1024,nihil ullam et,http://www.frami.com/sit-velit-itaque-eveniet,2023-04-22 18:29:46,2023-04-22 18:29:46,744,54
1034,quaerat eum voluptas,http://stanton.com/,2023-04-22 18:29:47,2023-04-22 18:29:47,724,54
1044,minus placeat voluptatem,https://zieme.biz/quis-iure-inventore-ab-voluptas-quaerat-et.html,2023-04-22 18:29:47,2023-04-22 18:29:47,764,134
1054,eveniet consequuntur et,http://www.schneider.com/aspernatur-dolorum-adipisci-beatae-debitis,2023-04-22 18:29:47,2023-04-22 18:29:47,914,14
1064,eum optio et,https://www.herman.com/explicabo-eum-sapiente-veritatis-maxime-officiis-voluptas-tenetur-doloribus,2023-04-22 18:29:47,2023-04-22 18:29:47,584,154
1074,tempora illo voluptatem,http://www.hintz.com/,2023-04-22 18:29:47,2023-04-22 18:29:47,874,134
1084,exercitationem est culpa,https://www.legros.org/cum-enim-repellendus-consequatur-aliquid-fugit-quia-consectetur,2023-04-22 18:29:47,2023-04-22 18:29:47,64,64
1094,vel consectetur repellat,http://huel.org/qui-consequatur-rerum-sit-totam,2023-04-22 18:29:48,2023-04-22 18:29:48,384,164
1104,similique saepe consequuntur,http://terry.com/quae-dolorem-et-inventore-velit,2023-04-22 18:29:48,2023-04-22 18:29:48,304,64
1114,sit odio molestias,http://gerlach.com/autem-non-labore-et-numquam-enim-ut-possimus.html,2023-04-22 18:29:48,2023-04-22 18:29:48,354,94
1124,reiciendis libero sit,http://gorczany.biz/,2023-04-22 18:29:48,2023-04-22 18:29:48,394,64
1134,velit aut repellendus,https://bahringer.com/ut-quo-neque-similique-tenetur-soluta-sunt-numquam-laborum.html,2023-04-22 18:29:48,2023-04-22 18:29:48,614,114
1144,asperiores quam molestiae,http://schmitt.com/sed-recusandae-ratione-est-sit-recusandae-est,2023-04-22 18:29:48,2023-04-22 18:29:48,424,4
1154,dolorem maiores dolor,http://www.hansen.com/totam-minima-et-ea-qui.html,2023-04-22 18:29:49,2023-04-22 18:29:49,614,34
1164,tempore corrupti maiores,http://www.rath.com/quia-dicta-a-officiis-ut-quibusdam-eos,2023-04-22 18:29:49,2023-04-22 18:29:49,84,164
1174,magnam qui delectus,http://friesen.com/tenetur-officia-debitis-enim-numquam-dignissimos-numquam-distinctio,2023-04-22 18:29:49,2023-04-22 18:29:49,164,114
1184,eum et quia,https://www.kuphal.info/architecto-corporis-voluptatem-voluptas-saepe-eligendi-temporibus-similique,2023-04-22 18:29:49,2023-04-22 18:29:49,944,44
1194,et non ipsum,http://oconnell.org/amet-aut-est-velit-totam-ad,2023-04-22 18:29:49,2023-04-22 18:29:49,124,154
1204,ea dolore maiores,https://becker.biz/quia-ratione-deleniti-quisquam.html,2023-04-22 18:29:49,2023-04-22 18:29:49,264,134
1214,eum ipsum aut,http://www.kirlin.com/et-consequatur-rerum-inventore-sapiente-qui-debitis,2023-04-22 18:29:50,2023-04-22 18:29:50,644,84
1224,itaque minus beatae,http://mueller.info/id-aspernatur-ex-placeat-quia-laudantium-consequatur.html,2023-04-22 18:29:50,2023-04-22 18:29:50,244,94
1234,voluptas quisquam quo,http://hermiston.info/inventore-aut-dolor-necessitatibus-voluptatum-dicta-voluptatum-quas,2023-04-22 18:29:50,2023-04-22 18:29:50,874,34
1244,vero nemo quia,https://www.littel.net/perspiciatis-ad-error-commodi-labore-perspiciatis-repellat-facere,2023-04-22 18:29:50,2023-04-22 18:29:50,44,94
1254,aspernatur occaecati sed,http://www.goldner.info/,2023-04-22 18:29:50,2023-04-22 18:29:50,984,154
1264,fugit modi recusandae,http://greenfelder.com/,2023-04-22 18:29:51,2023-04-22 18:29:51,94,154
1274,qui accusamus nihil,http://auer.info/incidunt-dolores-quia-aliquid-dolores-dolores-quod,2023-04-22 18:29:51,2023-04-22 18:29:51,914,164
1284,dolores magni commodi,http://upton.com/,2023-04-22 18:29:51,2023-04-22 18:29:51,564,144
1294,ut eligendi voluptatem,http://www.armstrong.com/hic-aliquam-dolore-consequatur,2023-04-22 18:29:51,2023-04-22 18:29:51,294,124
1304,veritatis ullam facilis,http://roberts.com/et-et-vitae-quidem-dolores-quo.html,2023-04-22 18:29:51,2023-04-22 18:29:51,4,34
1314,id iusto eos,http://www.runte.com/rem-aut-porro-ea-incidunt-ratione-consectetur-non,2023-04-22 18:29:51,2023-04-22 18:29:51,714,114
1324,dolores totam perferendis,http://hahn.com/ducimus-maxime-repellendus-saepe-delectus-explicabo-expedita-minus.html,2023-04-22 18:29:52,2023-04-22 18:29:52,104,94
1334,omnis officia atque,http://crist.info/rem-earum-veritatis-officiis-saepe-et-tenetur.html,2023-04-22 18:29:52,2023-04-22 18:29:52,994,74
1344,ut officia sit,http://www.kuphal.com/,2023-04-22 18:29:52,2023-04-22 18:29:52,44,64
1354,quia repudiandae qui,https://stiedemann.biz/voluptas-sunt-qui-qui-voluptatem-eveniet-ut-velit.html,2023-04-22 18:29:52,2023-04-22 18:29:52,704,84
1364,quod recusandae neque,http://www.blick.info/amet-tempore-a-repudiandae-at-at-illo-temporibus,2023-04-22 18:29:52,2023-04-22 18:29:52,704,124
1374,quo est enim,http://kub.com/,2023-04-22 18:29:52,2023-04-22 18:29:52,244,134
1384,est excepturi eveniet,http://www.marks.com/non-a-magnam-ipsam-ad-voluptas,2023-04-22 18:29:53,2023-04-22 18:29:53,704,24
1394,voluptatem voluptatem cum,http://herzog.com/aut-optio-reprehenderit-maiores-quasi.html,2023-04-22 18:29:53,2023-04-22 18:29:53,164,104
1404,aliquid veniam quos,http://hayes.com/,2023-04-22 18:29:53,2023-04-22 18:29:53,294,124
1414,ullam asperiores sint,http://larkin.com/,2023-04-22 18:29:53,2023-04-22 18:29:53,184,74
1424,qui culpa facere,https://will.biz/qui-in-omnis-ipsam.html,2023-04-22 18:29:53,2023-04-22 18:29:53,934,84
1434,iste beatae sint,http://www.barton.com/nihil-autem-quidem-sit-voluptatibus.html,2023-04-22 18:29:53,2023-04-22 18:29:53,144,4
1444,ullam asperiores accusamus,http://www.halvorson.org/odit-sapiente-sint-qui-cupiditate,2023-04-22 18:29:54,2023-04-22 18:29:54,444,124
1454,sint quae velit,https://www.armstrong.com/consequuntur-laboriosam-et-incidunt-molestiae,2023-04-22 18:29:54,2023-04-22 18:29:54,984,24
1464,veritatis ipsam nesciunt,http://okon.com/assumenda-accusamus-atque-quo-aut,2023-04-22 18:29:54,2023-04-22 18:29:54,304,134
1474,ut et autem,https://wuckert.com/labore-corrupti-et-ea-dolor-alias.html,2023-04-22 18:29:54,2023-04-22 18:29:54,854,14
1484,sit et nobis,http://jacobi.biz/atque-eveniet-quisquam-assumenda-quas-nihil-autem-est,2023-04-22 18:29:54,2023-04-22 18:29:54,754,34
1494,ex repudiandae quaerat,http://pfeffer.com/inventore-blanditiis-accusantium-consequatur-occaecati-omnis-omnis,2023-04-22 18:29:54,2023-04-22 18:29:54,734,84
1504,non ipsum dolorem,http://schmeler.com/,2023-04-22 18:29:55,2023-04-22 18:29:55,104,94
1514,unde aut sed,http://www.reinger.info/,2023-04-22 18:29:55,2023-04-22 18:29:55,564,74
1524,sequi est vel,http://yost.com/ut-reprehenderit-soluta-optio-id-veritatis-veniam,2023-04-22 18:29:55,2023-04-22 18:29:55,364,34
1534,tempore ab itaque,http://www.hoppe.info/fugit-repellat-illo-eos-odio,2023-04-22 18:29:55,2023-04-22 18:29:55,934,154
1544,quam et cumque,http://www.ankunding.org/,2023-04-22 18:29:55,2023-04-22 18:29:55,414,24
1554,sit odit dolores,http://mclaughlin.net/,2023-04-22 18:29:55,2023-04-22 18:29:55,684,114
1564,quis expedita at,http://robel.info/cum-sed-excepturi-qui-accusantium-possimus-sint-alias.html,2023-04-22 18:29:56,2023-04-22 18:29:56,144,34
1574,repellat qui illo,http://tremblay.org/in-quas-voluptatem-libero-quasi,2023-04-22 18:29:56,2023-04-22 18:29:56,724,94
1584,molestias eos dolorem,http://www.langworth.com/exercitationem-sit-quia-facilis-est-et-eligendi-sed-odio.html,2023-04-22 18:29:56,2023-04-22 18:29:56,484,94
1594,rerum quo aut,http://www.kuhn.biz/quasi-ut-magni-praesentium-et.html,2023-04-22 18:29:56,2023-04-22 18:29:56,384,54
1604,eligendi qui id,https://www.will.com/soluta-doloremque-consequatur-quisquam-quia-mollitia-ex-deleniti,2023-04-22 18:29:57,2023-04-22 18:29:57,354,74
1614,dolores occaecati iure,http://www.west.com/qui-nesciunt-consequatur-corrupti-dolore,2023-04-22 18:29:57,2023-04-22 18:29:57,394,94
1624,aut cumque corrupti,http://www.rippin.com/ullam-debitis-eaque-consectetur-et-tenetur-nemo-culpa,2023-04-22 18:29:57,2023-04-22 18:29:57,314,74
1634,iure voluptatum non,http://pfannerstill.com/enim-aut-illo-excepturi-porro,2023-04-22 18:29:57,2023-04-22 18:29:57,74,44
1644,sint pariatur dolorum,http://farrell.biz/nisi-est-dolor-sint-ut,2023-04-22 18:29:57,2023-04-22 18:29:57,954,154
1654,voluptatum odit ipsa,http://www.wintheiser.com/,2023-04-22 18:29:57,2023-04-22 18:29:57,454,154
1664,est praesentium optio,http://monahan.org/ipsa-quis-voluptatem-veniam-non,2023-04-22 18:29:58,2023-04-22 18:29:58,514,34
1674,aspernatur corporis quaerat,http://pollich.com/consequatur-id-optio-sed-dolor,2023-04-22 18:29:58,2023-04-22 18:29:58,604,64
1684,aperiam assumenda ab,http://reynolds.com/,2023-04-22 18:29:58,2023-04-22 18:29:58,904,104
1694,et id dolores,http://skiles.com/illum-nihil-ad-aliquam-tempore,2023-04-22 18:29:58,2023-04-22 18:29:58,114,14
1704,eos quis modi,https://www.hudson.net/corrupti-cum-et-qui-et,2023-04-22 18:29:58,2023-04-22 18:29:58,624,104
1714,est dolorem est,http://www.wiza.com/libero-quis-aut-labore-velit-aut-quidem-repellendus-assumenda,2023-04-22 18:29:58,2023-04-22 18:29:58,54,54
1724,facilis velit et,https://www.feeney.biz/omnis-in-accusantium-nesciunt-et-nihil-omnis-sint,2023-04-22 18:29:59,2023-04-22 18:29:59,774,54
1734,et hic sunt,https://www.jerde.info/mollitia-et-eius-ratione-quas,2023-04-22 18:29:59,2023-04-22 18:29:59,64,24
1744,nobis assumenda repellendus,http://barton.com/suscipit-rerum-perspiciatis-minima-quis-ducimus-eum,2023-04-22 18:29:59,2023-04-22 18:29:59,144,104
1754,aut officia qui,http://keeling.com/quae-facilis-suscipit-aliquam-doloremque-quidem-aut-quia-vel,2023-04-22 18:29:59,2023-04-22 18:29:59,364,14
1764,tenetur accusamus accusantium,https://www.doyle.com/est-nostrum-voluptates-dolor-consequuntur,2023-04-22 18:29:59,2023-04-22 18:29:59,334,104
1774,quasi beatae aut,http://williamson.com/ratione-error-blanditiis-ducimus-quasi-aut-repellat-saepe-est,2023-04-22 18:29:59,2023-04-22 18:29:59,594,14
1784,delectus culpa quis,https://harris.com/libero-velit-facere-adipisci-ut-consequuntur-excepturi-eum.html,2023-04-22 18:30:00,2023-04-22 18:30:00,114,4
1794,aut voluptas cumque,http://www.heidenreich.com/autem-quibusdam-voluptatem-minus-voluptates-doloremque,2023-04-22 18:30:00,2023-04-22 18:30:00,144,134
1804,unde consequatur esse,https://boehm.org/est-quia-officiis-magni-eligendi-architecto-numquam-esse.html,2023-04-22 18:30:00,2023-04-22 18:30:00,194,154
1814,est voluptatum et,http://bashirian.org/,2023-04-22 18:30:00,2023-04-22 18:30:00,834,114
1824,fuga aut voluptatem,http://ritchie.com/molestias-odio-qui-qui-quod-sint-non.html,2023-04-22 18:30:00,2023-04-22 18:30:00,444,154
1834,earum minus dicta,http://casper.com/animi-est-occaecati-velit-impedit-expedita.html,2023-04-22 18:30:00,2023-04-22 18:30:00,24,74
1844,et impedit sunt,http://reichert.biz/consectetur-facere-aliquam-exercitationem-praesentium-sed,2023-04-22 18:30:01,2023-04-22 18:30:01,214,74
1854,illo omnis corrupti,http://graham.org/,2023-04-22 18:30:01,2023-04-22 18:30:01,884,64
1864,aut sint nemo,http://www.nikolaus.com/a-ut-laboriosam-praesentium-dolore,2023-04-22 18:30:01,2023-04-22 18:30:01,474,104
1874,iure nihil voluptatem,http://zieme.com/,2023-04-22 18:30:01,2023-04-22 18:30:01,944,114
1884,sit quae repellendus,http://www.mante.com/qui-est-voluptatem-similique-excepturi-voluptas.html,2023-04-22 18:30:01,2023-04-22 18:30:01,554,84
1894,et ut placeat,http://franecki.com/,2023-04-22 18:30:02,2023-04-22 18:30:02,574,154
1904,at magni repudiandae,http://www.roob.info/est-dolore-maxime-aut-repellendus,2023-04-22 18:30:02,2023-04-22 18:30:02,64,84
1914,sit reprehenderit nobis,http://hessel.com/,2023-04-22 18:30:02,2023-04-22 18:30:02,794,134
1924,incidunt aut corrupti,http://www.harris.com/molestias-ducimus-eum-optio-reiciendis,2023-04-22 18:30:02,2023-04-22 18:30:02,664,164
1934,odit consequatur maiores,http://www.morar.com/saepe-excepturi-suscipit-aut-sint-labore,2023-04-22 18:30:02,2023-04-22 18:30:02,544,24
1944,tenetur soluta et,http://www.monahan.info/,2023-04-22 18:30:02,2023-04-22 18:30:02,744,44
1954,eos quia est,http://www.runte.info/alias-est-vel-sunt-excepturi-delectus-ut,2023-04-22 18:30:03,2023-04-22 18:30:03,644,154
1964,et aut illum,http://klocko.biz/,2023-04-22 18:30:03,2023-04-22 18:30:03,954,94
1974,sint facere culpa,http://kshlerin.org/vitae-libero-aut-rerum-voluptas-quisquam-assumenda-quia,2023-04-22 18:30:03,2023-04-22 18:30:03,4,94
1984,aut architecto est,http://www.heller.org/,2023-04-22 18:30:03,2023-04-22 18:30:03,854,134
1994,occaecati dolores sint,https://deckow.com/consequatur-soluta-deleniti-rerum-exercitationem-aspernatur-maiores-facere.html,2023-04-22 18:30:03,2023-04-22 18:30:03,204,124
2004,quas id modi,http://keeling.com/mollitia-eveniet-velit-id-in,2023-04-22 18:30:03,2023-04-22 18:30:03,94,34
2014,sint nihil eum,http://witting.com/commodi-pariatur-aperiam-rem-aut-dolores-et-in,2023-04-22 18:30:04,2023-04-22 18:30:04,584,94
2024,est ipsam corporis,https://bernhard.com/voluptatem-esse-in-cupiditate.html,2023-04-22 18:30:04,2023-04-22 18:30:04,654,64
2034,suscipit hic non,http://howell.com/sint-ut-nemo-veniam-error-illum-aliquam-dolorum,2023-04-22 18:30:04,2023-04-22 18:30:04,824,24
2044,ut omnis voluptates,http://www.olson.com/asperiores-accusantium-ut-hic-voluptatibus-et-qui-totam-ut,2023-04-22 18:30:04,2023-04-22 18:30:04,794,124
2054,aperiam sed autem,http://www.gislason.net/illum-aliquid-vitae-cumque-illo-et-aut,2023-04-22 18:30:04,2023-04-22 18:30:04,284,14
2064,neque consequuntur quae,http://www.sporer.biz/deserunt-recusandae-accusantium-et-blanditiis-non-quam-id,2023-04-22 18:30:04,2023-04-22 18:30:04,824,104
2074,fugiat quia nam,https://www.johnson.com/aut-est-sequi-itaque-porro-quasi-iure-adipisci-consequatur,2023-04-22 18:30:05,2023-04-22 18:30:05,184,144
2084,et ipsum cum,http://paucek.org/consequuntur-vel-quis-quibusdam,2023-04-22 18:30:05,2023-04-22 18:30:05,974,164
2094,voluptatibus ut aliquid,http://stokes.com/culpa-nihil-explicabo-autem-repudiandae-fugit-voluptatem,2023-04-22 18:30:05,2023-04-22 18:30:05,774,54
2104,pariatur hic optio,http://corwin.net/aut-minima-accusamus-ullam-beatae-vel-voluptas-vel-ipsam.html,2023-04-22 18:30:05,2023-04-22 18:30:05,554,104
2114,non quam molestias,http://www.bednar.info/doloremque-in-quod-aut-omnis-dolorum-hic,2023-04-22 18:30:05,2023-04-22 18:30:05,514,44
2124,nemo nesciunt ut,http://www.gusikowski.com/qui-recusandae-fugiat-eligendi-voluptatem,2023-04-22 18:30:05,2023-04-22 18:30:05,424,4
2134,aspernatur error quia,http://kohler.com/et-hic-at-numquam.html,2023-04-22 18:30:06,2023-04-22 18:30:06,84,114
2144,eius aperiam similique,https://senger.info/velit-vel-neque-aliquid-rerum-nihil-non.html,2023-04-22 18:30:06,2023-04-22 18:30:06,54,74
2154,voluptatibus dolore est,https://www.miller.org/consequatur-consequatur-mollitia-animi-non-aut,2023-04-22 18:30:06,2023-04-22 18:30:06,154,54
2164,unde ratione rerum,http://www.schuster.org/molestias-dolorem-inventore-eos-consequatur-adipisci-distinctio,2023-04-22 18:30:06,2023-04-22 18:30:06,784,74
2174,reprehenderit vero quisquam,http://www.zulauf.com/,2023-04-22 18:30:06,2023-04-22 18:30:06,694,104
2184,velit nihil omnis,https://www.satterfield.com/nihil-ut-eaque-natus-qui-natus-nam,2023-04-22 18:30:06,2023-04-22 18:30:06,454,74
2194,repudiandae omnis vel,http://www.torphy.com/rerum-qui-dolore-harum-odit-assumenda-nihil-officiis-qui.html,2023-04-22 18:30:07,2023-04-22 18:30:07,584,124
2204,amet maxime veritatis,http://www.harris.com/molestiae-repellendus-molestiae-ullam,2023-04-22 18:30:07,2023-04-22 18:30:07,24,14
2214,odio magnam reiciendis,http://www.collier.com/laboriosam-consectetur-explicabo-eligendi-ex-qui-natus,2023-04-22 18:30:07,2023-04-22 18:30:07,844,134
2224,dolore accusantium corrupti,http://www.dicki.net/sint-rem-veritatis-quaerat-ratione-corrupti.html,2023-04-22 18:30:07,2023-04-22 18:30:07,164,64
2234,eveniet earum fugit,http://www.hauck.com/et-quas-sint-magnam-in-quas.html,2023-04-22 18:30:07,2023-04-22 18:30:07,954,24
2244,mollitia dignissimos et,http://bode.com/cumque-id-placeat-quod-commodi-nemo,2023-04-22 18:30:07,2023-04-22 18:30:07,394,74
2254,assumenda eligendi quia,http://johnson.biz/quod-nesciunt-distinctio-alias-exercitationem-ex,2023-04-22 18:30:08,2023-04-22 18:30:08,14,124
2264,fuga aut quidem,http://www.beier.com/inventore-ut-commodi-provident-aliquid,2023-04-22 18:30:08,2023-04-22 18:30:08,374,134
2274,hic impedit est,http://denesik.com/temporibus-architecto-nam-aut-harum,2023-04-22 18:30:08,2023-04-22 18:30:08,934,154
2284,modi doloremque dolor,http://www.nader.com/eum-error-a-tempore-aspernatur,2023-04-22 18:30:08,2023-04-22 18:30:08,484,84
2294,harum autem dicta,http://daugherty.biz/,2023-04-22 18:30:08,2023-04-22 18:30:08,774,74
2304,facilis est modi,http://bernier.com/tenetur-est-repellat-quis-qui.html,2023-04-22 18:30:09,2023-04-22 18:30:09,254,14
2314,et culpa ipsum,http://www.price.com/hic-qui-blanditiis-dolores-voluptatum-fugiat-omnis,2023-04-22 18:30:09,2023-04-22 18:30:09,844,34
2324,possimus consequatur repudiandae,http://www.kertzmann.net/assumenda-molestiae-sit-dolorum-id-laudantium-adipisci-atque.html,2023-04-22 18:30:09,2023-04-22 18:30:09,344,164
2334,voluptatum est totam,http://www.rohan.org/placeat-cupiditate-ad-iusto-praesentium-quia-vitae-sed.html,2023-04-22 18:30:09,2023-04-22 18:30:09,554,24
2344,animi consequatur tempora,http://www.balistreri.net/eveniet-accusamus-ullam-explicabo-doloremque-doloribus,2023-04-22 18:30:09,2023-04-22 18:30:09,114,154
2354,nisi nesciunt debitis,http://johnson.info/,2023-04-22 18:30:09,2023-04-22 18:30:09,404,154
2364,dolores expedita vel,http://www.mcclure.com/dolorem-asperiores-occaecati-unde-adipisci,2023-04-22 18:30:10,2023-04-22 18:30:10,474,24
2374,occaecati quae officiis,http://www.wiegand.com/consequuntur-a-eum-hic-quo-minima,2023-04-22 18:30:10,2023-04-22 18:30:10,584,134
2384,quia vitae expedita,http://labadie.net/nostrum-ut-quo-voluptate-consequatur-nulla.html,2023-04-22 18:30:10,2023-04-22 18:30:10,664,14
2394,assumenda quaerat provident,http://treutel.biz/voluptatem-saepe-quia-autem-quas-ad-ipsa-facere,2023-04-22 18:30:10,2023-04-22 18:30:10,754,64
2404,est consequuntur non,http://www.brekke.info/eos-voluptatibus-alias-unde-est.html,2023-04-22 18:30:10,2023-04-22 18:30:10,124,124
2414,neque odit fuga,http://www.lehner.com/velit-nam-ut-ea-autem-qui-ut-pariatur,2023-04-22 18:30:10,2023-04-22 18:30:10,24,94
2424,sequi omnis accusamus,http://www.howell.info/officiis-sit-totam-nostrum,2023-04-22 18:30:11,2023-04-22 18:30:11,994,164
2434,tempore voluptatum eveniet,http://www.altenwerth.com/adipisci-delectus-provident-similique.html,2023-04-22 18:30:11,2023-04-22 18:30:11,94,154
2444,ut architecto rem,https://koepp.com/facilis-ipsa-perferendis-ratione.html,2023-04-22 18:30:11,2023-04-22 18:30:11,364,4
2454,ipsam ipsa et,http://www.mcdermott.com/,2023-04-22 18:30:11,2023-04-22 18:30:11,504,84
2464,at id amet,http://www.bradtke.org/ut-dolore-dignissimos-optio-repellat,2023-04-22 18:30:11,2023-04-22 18:30:11,214,104
2474,eaque tenetur rem,https://www.connelly.biz/magnam-porro-quae-praesentium,2023-04-22 18:30:11,2023-04-22 18:30:11,524,144
2484,eum error sit,https://collier.com/fugit-minima-inventore-possimus-qui-aut-maxime-non.html,2023-04-22 18:30:12,2023-04-22 18:30:12,614,164
2494,aliquam qui fugiat,http://www.gleichner.info/omnis-voluptate-et-minima-reprehenderit,2023-04-22 18:30:12,2023-04-22 18:30:12,804,144
2504,quae ullam odio,http://koch.com/dolorem-libero-ducimus-quae-asperiores-neque-alias-repudiandae-ipsa.html,2023-04-22 18:30:12,2023-04-22 18:30:12,634,54
2514,quae sint quia,http://smith.biz/nobis-dignissimos-eveniet-deserunt-illo-quo-animi-molestias.html,2023-04-22 18:30:12,2023-04-22 18:30:12,724,104
2524,omnis qui suscipit,http://paucek.net/,2023-04-22 18:30:12,2023-04-22 18:30:12,804,94
2534,laborum temporibus vel,https://www.toy.org/non-et-ducimus-rem-maxime-voluptatem-aliquam,2023-04-22 18:30:12,2023-04-22 18:30:12,464,154
2544,nostrum cum accusantium,http://crona.org/dolorem-id-quia-deserunt-quidem-iusto-officia,2023-04-22 18:30:13,2023-04-22 18:30:13,324,54
2554,fuga magnam iste,http://www.brakus.com/eos-sit-pariatur-quisquam-nesciunt.html,2023-04-22 18:30:13,2023-04-22 18:30:13,824,164
2564,autem ut rem,http://bosco.com/autem-distinctio-et-excepturi-quo-consectetur-sed-sapiente,2023-04-22 18:30:13,2023-04-22 18:30:13,184,34
2574,sed aut voluptatem,http://www.wisoky.info/perspiciatis-ullam-corporis-quis-qui-tenetur,2023-04-22 18:30:13,2023-04-22 18:30:13,374,104
2584,nobis ducimus velit,https://www.kuhlman.net/ullam-tempora-fugiat-temporibus-rem,2023-04-22 18:30:13,2023-04-22 18:30:13,454,24
2594,repellat modi repudiandae,http://www.bednar.com/,2023-04-22 18:30:14,2023-04-22 18:30:14,374,134
2604,qui quia nemo,https://wilkinson.info/totam-earum-eum-voluptatum-vero-in-doloremque-eaque-excepturi.html,2023-04-22 18:30:14,2023-04-22 18:30:14,914,104
2614,et reiciendis id,http://sauer.com/,2023-04-22 18:30:14,2023-04-22 18:30:14,504,154
2624,aspernatur est minus,http://jaskolski.biz/,2023-04-22 18:30:14,2023-04-22 18:30:14,974,154
2634,quos necessitatibus odio,http://mcclure.com/corporis-quibusdam-qui-quaerat-vel-et-eaque-perspiciatis,2023-04-22 18:30:14,2023-04-22 18:30:14,454,34
2644,minima pariatur non,http://hintz.com/,2023-04-22 18:30:14,2023-04-22 18:30:14,904,4
2654,eaque ut esse,http://www.raynor.info/,2023-04-22 18:30:15,2023-04-22 18:30:15,244,144
2664,eaque consectetur facilis,http://www.hoppe.com/ut-earum-ut-consequatur-dolorum-commodi-in,2023-04-22 18:30:15,2023-04-22 18:30:15,174,104
2674,autem et maiores,http://www.armstrong.biz/laboriosam-ipsum-perspiciatis-et-sed-et.html,2023-04-22 18:30:15,2023-04-22 18:30:15,24,124
2684,provident quis consequuntur,http://www.kub.com/voluptate-et-dolor-sequi-corporis-facilis-fuga-nostrum,2023-04-22 18:30:15,2023-04-22 18:30:15,984,134
2694,quod quam pariatur,http://ankunding.com/omnis-illo-illum-itaque-delectus-fugiat,2023-04-22 18:30:15,2023-04-22 18:30:15,894,144
2704,sit tempore sint,http://www.beatty.com/id-placeat-suscipit-ea-voluptatem-et-delectus,2023-04-22 18:30:15,2023-04-22 18:30:15,444,154
2714,quia dolorum animi,http://www.nader.com/ipsum-doloremque-pariatur-tenetur-aliquid,2023-04-22 18:30:16,2023-04-22 18:30:16,964,54
2724,neque repellat dolores,http://batz.info/doloribus-aut-omnis-delectus-doloremque-voluptatem,2023-04-22 18:30:16,2023-04-22 18:30:16,294,64
2734,est aut quia,http://www.kozey.com/occaecati-atque-ea-rerum-cum-eligendi-est-fugit,2023-04-22 18:30:16,2023-04-22 18:30:16,904,74
2744,fuga dicta occaecati,https://pfannerstill.com/animi-esse-recusandae-et-sit-ratione-nihil-sequi.html,2023-04-22 18:30:16,2023-04-22 18:30:16,894,154
2754,in ut nam,http://www.hartmann.com/veritatis-excepturi-quod-optio,2023-04-22 18:30:16,2023-04-22 18:30:16,544,34
2764,in et eos,http://lebsack.info/libero-sed-vel-nobis-eum-iure-quisquam,2023-04-22 18:30:16,2023-04-22 18:30:16,944,164
2774,placeat deleniti quod,http://www.simonis.biz/,2023-04-22 18:30:17,2023-04-22 18:30:17,24,54
2784,corporis ut officia,https://www.mosciski.com/et-sit-doloribus-quo-porro-quibusdam-eius,2023-04-22 18:30:17,2023-04-22 18:30:17,164,24
2794,sit delectus repellat,https://shanahan.net/sed-libero-ipsam-praesentium-aut-reprehenderit.html,2023-04-22 18:30:17,2023-04-22 18:30:17,934,94
2804,fugit earum modi,http://schiller.com/et-quo-optio-qui-in-est-aut,2023-04-22 18:30:17,2023-04-22 18:30:17,114,14
2814,occaecati eos expedita,https://corwin.biz/omnis-voluptatem-commodi-recusandae-ipsa.html,2023-04-22 18:30:17,2023-04-22 18:30:17,974,114
2824,vel tenetur ab,http://sporer.info/vero-perspiciatis-ullam-impedit-sequi-exercitationem,2023-04-22 18:30:17,2023-04-22 18:30:17,134,144
2834,deleniti saepe in,http://www.lehner.info/voluptas-aliquid-exercitationem-esse-doloribus-est.html,2023-04-22 18:30:18,2023-04-22 18:30:18,734,74
2844,voluptates accusamus ipsa,http://www.dietrich.com/odit-est-ab-corporis-ab,2023-04-22 18:30:18,2023-04-22 18:30:18,804,134
2854,sit qui repellat,http://rutherford.net/,2023-04-22 18:30:18,2023-04-22 18:30:18,724,54
2864,pariatur sapiente blanditiis,http://hoppe.net/,2023-04-22 18:30:18,2023-04-22 18:30:18,234,64
2874,sit culpa alias,http://www.huel.net/,2023-04-22 18:30:18,2023-04-22 18:30:18,764,24
2884,ducimus ut officia,http://runolfsson.com/,2023-04-22 18:30:18,2023-04-22 18:30:18,764,154
2894,nam ad maiores,https://www.legros.com/officiis-eos-qui-molestias,2023-04-22 18:30:19,2023-04-22 18:30:19,454,24
2904,occaecati tempore in,https://simonis.org/sequi-cum-rerum-quaerat-voluptates-inventore.html,2023-04-22 18:30:19,2023-04-22 18:30:19,764,124
2914,est voluptatibus nulla,http://www.little.info/quis-rem-consequatur-est-cum-possimus,2023-04-22 18:30:19,2023-04-22 18:30:19,354,54
2924,perferendis odio beatae,http://hill.info/,2023-04-22 18:30:19,2023-04-22 18:30:19,204,4
2934,corporis veritatis dignissimos,http://www.hauck.org/doloribus-laborum-beatae-dolorum-maiores.html,2023-04-22 18:30:19,2023-04-22 18:30:19,414,34
2944,asperiores similique non,https://www.corwin.com/non-soluta-commodi-distinctio-voluptatem-amet-quibusdam,2023-04-22 18:30:20,2023-04-22 18:30:20,464,64
2954,consequatur corrupti ullam,https://www.rohan.com/quam-atque-ut-similique-soluta-neque,2023-04-22 18:30:20,2023-04-22 18:30:20,634,4
2964,consectetur commodi nihil,http://www.hammes.com/voluptatum-sequi-nulla-et-dolorum-tempore,2023-04-22 18:30:20,2023-04-22 18:30:20,664,164
2974,consequatur temporibus aliquid,http://www.bashirian.com/,2023-04-22 18:30:20,2023-04-22 18:30:20,174,94
2984,inventore nulla architecto,http://www.dach.com/dolor-qui-sequi-sunt-nulla,2023-04-22 18:30:20,2023-04-22 18:30:20,254,14
2994,quam odit et,http://dibbert.com/ut-reprehenderit-numquam-aut-impedit-minima-eos-esse,2023-04-22 18:30:20,2023-04-22 18:30:20,234,34