id,first_name,last_name,email,password,access_level_id,remember_token,created_at,updated_at
4,Elwyn,Hyatt,charley06@example.com,$2y$10$92IXUNpkjO0rOQ5byMi.Ye4oKoEa3Ro9llC/.og/at2.uheWG/igi,14,G8txd6MFm1,2023-04-22 04:33:48,2023-04-22 04:33:48
14,Elissa,Boehm,hipolito.rowe@example.org,$2y$10$92IXUNpkjO0rOQ5byMi.Ye4oKoEa3Ro9llC/.og/at2.uheWG/igi,24,vCmWqi5tXP,2023-04-22 04:33:48,2023-04-22 04:33:48
24,Jordane,Connelly,schiller.haskell@example.org,$2y$10$92IXUNpkjO0rOQ5byMi.Ye4oKoEa3Ro9llC/.og/at2.uheWG/igi,14,b72z4fbneD,2023-04-22 04:33:49,2023-04-22 04:33:49
34,Andreanne,Sporer,kellie.stokes@example.com,$2y$10$92IXUNpkjO0rOQ5byMi.Ye4oKoEa3Ro9llC/.og/at2.uheWG/igi,14,CTOFGMd32n,2023-04-22 04:33:49,2023-04-22 04:33:49
44,Kay,Morar,rodrigo.schmidt@example.com,$2y$10$92IXUNpkjO0rOQ5byMi.Ye4oKoEa3Ro9llC/.og/at2.uheWG/igi,14,4iTycsvTGG,2023-04-22 04:33:49,2023-04-22 04:33:49
54,Collin,Jacobi,murphy.davion@example.org,$2y$10$92IXUNpkjO0rOQ5byMi.Ye4oKoEa3Ro9llC/.og/at2.uheWG/igi,24,JIZNlbAi0Q,2023-04-22 04:33:49,2023-04-22 04:33:49
64,Teresa,Wisoky,gdamore@example.net,$2y$10$92IXUNpkjO0rOQ5byMi.Ye4oKoEa3Ro9llC/.og/at2.uheWG/igi,14,761z8Swg9w,2023-04-22 04:33:50,2023-04-22 04:33:50
74,Giles,Luettgen,delphine.bednar@example.org,$2y$10$92IXUNpkjO0rOQ5byMi.Ye4oKoEa3Ro9llC/.og/at2.uheWG/igi,14,m8MM35d7hI,2023-04-22 04:33:50,2023-04-22 04:33:50
84,Jamel,Wolf,lkovacek@example.net,$2y$10$92IXUNpkjO0rOQ5byMi.Ye4oKoEa3Ro9llC/.og/at2.uheWG/igi,14,ypcfuVSlBk,2023-04-22 04:33:50,2023-04-22 04:33:50
94,Travon,Senger,zthompson@example.com,$2y$10$92IXUNpkjO0rOQ5byMi.Ye4oKoEa3Ro9llC/.og/at2.uheWG/igi,24,KoYxO24bQr,2023-04-22 04:33:51,2023-04-22 04:33:51
104,Nannie,Stokes,mitchell.wehner@example.net,$2y$10$92IXUNpkjO0rOQ5byMi.Ye4oKoEa3Ro9llC/.og/at2.uheWG/igi,14,r4CIlzXPCK,2023-04-22 04:33:51,2023-04-22 04:33:51
114,Madelyn,Ryan,tmedhurst@example.org,$2y$10$92IXUNpkjO0rOQ5byMi.Ye4oKoEa3Ro9llC/.og/at2.uheWG/igi,4,kRfpdlWTxa,2023-04-22 04:33:52,2023-04-22 04:33:52
124,Jason,Prosacco,okuphal@example.net,$2y$10$92IXUNpkjO0rOQ5byMi.Ye4oKoEa3Ro9llC/.og/at2.uheWG/igi,24,Y8mVZe72Lb,2023-04-22 04:33:52,2023-04-22 04:33:52
134,Omari,Kuhlman,tristin53@example.net,$2y$10$92IXUNpkjO0rOQ5byMi.Ye4oKoEa3Ro9llC/.og/at2.uheWG/igi,4,vVcD2AkbPR,2023-04-22 04:33:53,2023-04-22 04:33:53
144,Makenzie,Murazik,enos.krajcik@example.org,$2y$10$92IXUNpkjO0rOQ5byMi.Ye4oKoEa3Ro9llC/.og/at2.uheWG/igi,24,5NFEQlrFKH,2023-04-22 04:33:53,2023-04-22 04:33:53
154,Halie,Hermiston,emmerich.jason@example.net,$2y$10$92IXUNpkjO0rOQ5byMi.Ye4oKoEa3Ro9llC/.og/at2.uheWG/igi,4,C20BwrllBM,2023-04-22 04:33:53,2023-04-22 04:33:53
164,Efren,Nader,mary.bogisich@example.com,$2y$10$92IXUNpkjO0rOQ5byMi.Ye4oKoEa3Ro9llC/.og/at2.uheWG/igi,4,ad4HMBWdb0,2023-04-22 04:33:54,2023-04-22 04:33:54
174,Kane,Anderson,wschaden@example.com,$2y$10$92IXUNpkjO0rOQ5byMi.Ye4oKoEa3Ro9llC/.og/at2.uheWG/igi,14,b2PYEeXfrL,2023-04-22 04:33:54,2023-04-22 04:33:54
184,Emerald,Greenfelder,jefferey30@example.com,$2y$10$92IXUNpkjO0rOQ5byMi.Ye4oKoEa3Ro9llC/.og/at2.uheWG/igi,24,X6pDlCvE87,2023-04-22 04:33:54,2023-04-22 04:33:54
194,Lon,Muller,greenfelder.margret@example.net,$2y$10$92IXUNpkjO0rOQ5byMi.Ye4oKoEa3Ro9llC/.og/at2.uheWG/igi,14,IDJ943Exds,2023-04-22 04:33:54,2023-04-22 04:33:54
204,Erin,Rogahn,qgrant@example.org,$2y$10$92IXUNpkjO0rOQ5byMi.Ye4oKoEa3Ro9llC/.og/at2.uheWG/igi,4,j62SbXnsRO,2023-04-22 04:33:55,2023-04-22 04:33:55
214,Reece,Bogisich,ukoss@example.net,$2y$10$92IXUNpkjO0rOQ5byMi.Ye4oKoEa3Ro9llC/.og/at2.uheWG/igi,14,i428a4hgQK,2023-04-22 04:33:55,2023-04-22 04:33:55
224,Harmon,West,alvis.tromp@example.org,$2y$10$92IXUNpkjO0rOQ5byMi.Ye4oKoEa3Ro9llC/.og/at2.uheWG/igi,14,0jmHwvwFzX,2023-04-22 04:33:55,2023-04-22 04:33:55
234,Nicola,Yost,caden74@example.net,$2y$10$92IXUNpkjO0rOQ5byMi.Ye4oKoEa3Ro9llC/.og/at2.uheWG/igi,24,s8Rol6U9qY,2023-04-22 04:33:55,2023-04-22 04:33:55
244,Evan,Erdman,hagenes.gage@example.com,$2y$10$92IXUNpkjO0rOQ5byMi.Ye4oKoEa3Ro9llC/.og/at2.uheWG/igi,24,fgHB8hF4NA,2023-04-22 04:33:56,2023-04-22 04:33:56
254,Vance,Williamson,nvon@example.com,$2y$10$92IXUNpkjO0rOQ5byMi.Ye4oKoEa3Ro9llC/.og/at2.uheWG/igi,14,VQPcTRG2VV,2023-04-22 04:33:56,2023-04-22 04:33:56
264,Emanuel,Kulas,carroll.amiya@example.com,$2y$10$92IXUNpkjO0rOQ5byMi.Ye4oKoEa3Ro9llC/.og/at2.uheWG/igi,4,WSXJjrTUZc,2023-04-22 04:33:56,2023-04-22 04:33:56
274,Roma,Berge,flatley.kaitlin@example.net,$2y$10$92IXUNpkjO0rOQ5byMi.Ye4oKoEa3Ro9llC/.og/at2.uheWG/igi,14,mAFThzjBE0,2023-04-22 04:33:56,2023-04-22 04:33:56
284,Odessa,King,amira.reichert@example.com,$2y$10$92IXUNpkjO0rOQ5byMi.Ye4oKoEa3Ro9llC/.og/at2.uheWG/igi,4,3l8I2FgLIw,2023-04-22 04:33:56,2023-04-22 04:33:56
294,Kathleen,Cronin,ludie67@example.org,$2y$10$92IXUNpkjO0rOQ5byMi.Ye4oKoEa3Ro9llC/.og/at2.uheWG/igi,4,bsv6mIcD64,2023-04-22 04:33:57,2023-04-22 04:33:57
304,Torrance,Gutmann,hermann.elyssa@example.net,$2y$10$92IXUNpkjO0rOQ5byMi.Ye4oKoEa3Ro9llC/.og/at2.uheWG/igi,24,M19xihLRbk,2023-04-22 04:33:57,2023-04-22 04:33:57
314,Donavon,Ebert,kulas.kole@example.com,$2y$10$92IXUNpkjO0rOQ5byMi.Ye4oKoEa3Ro9llC/.og/at2.uheWG/igi,24,waXPE5dFnB,2023-04-22 04:33:57,2023-04-22 04:33:57
324,Charlene,Schmeler,carroll.bennie@example.com,$2y$10$92IXUNpkjO0rOQ5byMi.Ye4oKoEa3Ro9llC/.og/at2.uheWG/igi,14,TdGxDKbOF8,2023-04-22 04:33:57,2023-04-22 04:33:57
334,Jordan,Reichert,holly56@example.com,$2y$10$92IXUNpkjO0rOQ5byMi.Ye4oKoEa3Ro9llC/.og/at2.uheWG/igi,4,CpdKvvvvbl,2023-04-22 04:33:58,2023-04-22 04:33:58
344,Zane,Conroy,bbotsford@example.net,$2y$10$92IXUNpkjO0rOQ5byMi.Ye4oKoEa3Ro9llC/.og/at2.uheWG/igi,24,yTajfROOEi,2023-04-22 04:33:58,2023-04-22 04:33:58
354,Matteo,Walker,cydney69@example.org,$2y$10$92IXUNpkjO0rOQ5byMi.Ye4oKoEa3Ro9llC/.og/at2.uheWG/igi,24,MXBW5gn4lr,2023-04-22 04:33:58,2023-04-22 04:33:58
364,Rhianna,Schulist,ziemann.jeffery@example.org,$2y$10$92IXUNpkjO0rOQ5byMi.Ye4oKoEa3Ro9llC/.og/at2.uheWG/igi,4,WWaTOLvNiZ,2023-04-22 04:33:58,2023-04-22 04:33:58
374,June,Gerhold,bartell.amalia@example.org,$2y$10$92IXUNpkjO0rOQ5byMi.Ye4oKoEa3Ro9llC/.og/at2.uheWG/igi,14,MToP7UNrgU,2023-04-22 04:33:59,2023-04-22 04:33:59
384,Idell,"O'Hara",renner.tommie@example.com,$2y$10$92IXUNpkjO0rOQ5byMi.Ye4oKoEa3Ro9llC/.og/at2.uheWG/igi,4,LgFk5FBqRj,2023-04-22 04:33:59,2023-04-22 04:33:59
394,Mafalda,Metz,lucienne.cole@example.com,$2y$10$92IXUNpkjO0rOQ5byMi.Ye4oKoEa3Ro9llC/.og/at2.uheWG/igi,24,Up5gZdpBSL,2023-04-22 04:33:59,2023-04-22 04:33:59
404,Helen,Schimmel,vhowell@example.com,$2y$10$92IXUNpkjO0rOQ5byMi.Ye4oKoEa3Ro9llC/.og/at2.uheWG/igi,14,joIXw1e2To,2023-04-22 04:33:59,2023-04-22 04:33:59
414,Reva,Durgan,friesen.royal@example.net,$2y$10$92IXUNpkjO0rOQ5byMi.Ye4oKoEa3Ro9llC/.og/at2.uheWG/igi,4,XazJS6q0HF,2023-04-22 04:33:59,2023-04-22 04:33:59
424,Josephine,Mante,kunde.omer@example.org,$2y$10$92IXUNpkjO0rOQ5byMi.Ye4oKoEa3Ro9llC/.og/at2.uheWG/igi,14,ILEiYREG84,2023-04-22 04:34:00,2023-04-22 04:34:00
434,Yesenia,Bashirian,ajacobson@example.com,$2y$10$92IXUNpkjO0rOQ5byMi.Ye4oKoEa3Ro9llC/.og/at2.uheWG/igi,14,RXVem54znc,2023-04-22 04:34:00,2023-04-22 04:34:00
444,Janessa,Doyle,zoila16@example.com,$2y$10$92IXUNpkjO0rOQ5byMi.Ye4oKoEa3Ro9llC/.og/at2.uheWG/igi,4,TereInesyz,2023-04-22 04:34:00,2023-04-22 04:34:00
454,Henri,Hoppe,cydney78@example.net,$2y$10$92IXUNpkjO0rOQ5byMi.Ye4oKoEa3Ro9llC/.og/at2.uheWG/igi,24,j2fOiqNvIM,2023-04-22 04:34:00,2023-04-22 04:34:00
464,Esteban,Kunde,wbeahan@example.net,$2y$10$92IXUNpkjO0rOQ5byMi.Ye4oKoEa3Ro9llC/.og/at2.uheWG/igi,14,DuVDHZQhZQ,2023-04-22 04:34:00,2023-04-22 04:34:00
474,Gust,Grady,arden.nitzsche@example.com,$2y$10$92IXUNpkjO0rOQ5byMi.Ye4oKoEa3Ro9llC/.og/at2.uheWG/igi,24,wO37k1rRRr,2023-04-22 04:34:01,2023-04-22 04:34:01
484,Roger,Shanahan,ycrooks@example.net,$2y$10$92IXUNpkjO0rOQ5byMi.Ye4oKoEa3Ro9llC/.og/at2.uheWG/igi,4,keHx5cyjTT,2023-04-22 04:34:01,2023-04-22 04:34:01
494,Annamarie,Grant,ronny11@example.org,$2y$10$92IXUNpkjO0rOQ5byMi.Ye4oKoEa3Ro9llC/.og/at2.uheWG/igi,4,Za8IFYUyUp,2023-04-22 04:34:01,2023-04-22 04:34:01
504,Broderick,Schoen,uemard@example.com,$2y$10$92IXUNpkjO0rOQ5byMi.Ye4oKoEa3Ro9llC/.og/at2.uheWG/igi,4,9lsY1qsADP,2023-04-22 04:34:01,2023-04-22 04:34:01
514,Alf,Vandervort,murray.ludie@example.net,$2y$10$92IXUNpkjO0rOQ5byMi.Ye4oKoEa3Ro9llC/.og/at2.uheWG/igi,24,nRCkfVLAzL,2023-04-22 04:34:02,2023-04-22 04:34:02
524,Sienna,Balistreri,carter00@example.net,$2y$10$92IXUNpkjO0rOQ5byMi.Ye4oKoEa3Ro9llC/.og/at2.uheWG/igi,14,Nj0KzBRzlv,2023-04-22 04:34:02,2023-04-22 04:34:02
534,Orrin,Leffler,hgraham@example.org,$2y$10$92IXUNpkjO0rOQ5byMi.Ye4oKoEa3Ro9llC/.og/at2.uheWG/igi,4,YaaDuT5oMh,2023-04-22 04:34:02,2023-04-22 04:34:02
544,Lilian,Johnson,jannie99@example.com,$2y$10$92IXUNpkjO0rOQ5byMi.Ye4oKoEa3Ro9llC/.og/at2.uheWG/igi,4,kRvWVV6b1A,2023-04-22 04:34:02,2023-04-22 04:34:02
554,Bethany,Bogan,dickinson.antonio@example.org,$2y$10$92IXUNpkjO0rOQ5byMi.Ye4oKoEa3Ro9llC/.og/at2.uheWG/igi,14,6hAVvEwWck,2023-04-22 04:34:02,2023-04-22 04:34:02
564,Josie,Bernier,hzulauf@example.com,$2y$10$92IXUNpkjO0rOQ5byMi.Ye4oKoEa3Ro9llC/.og/at2.uheWG/igi,4,7Py6C10RYF,2023-04-22 04:34:03,2023-04-22 04:34:03
574,Gregorio,Hagenes,bayer.yasmin@example.org,$2y$10$92IXUNpkjO0rOQ5byMi.Ye4oKoEa3Ro9llC/.og/at2.uheWG/igi,4,LWgR5dOYx8,2023-04-22 04:34:03,2023-04-22 04:34:03
584,Frederique,Fritsch,johnson.jameson@example.org,$2y$10$92IXUNpkjO0rOQ5byMi.Ye4oKoEa3Ro9llC/.og/at2.uheWG/igi,4,piRh6dpIS4,2023-04-22 04:34:03,2023-04-22 04:34:03
594,Jolie,Wyman,keshaun.funk@example.net,$2y$10$92IXUNpkjO0rOQ5byMi.Ye4oKoEa3Ro9llC/.og/at2.uheWG/igi,4,fw2fajB2B8,2023-04-22 04:34:03,2023-04-22 04:34:03
604,Dedrick,Leuschke,colin.osinski@example.net,$2y$10$92IXUNpkjO0rOQ5byMi.Ye4oKoEa3Ro9llC/.og/at2.uheWG/igi,4,o96OlpSAXg,2023-04-22 04:34:03,2023-04-22 04:34:03
614,Alexandro,Rogahn,jeanne45@example.net,$2y$10$92IXUNpkjO0rOQ5byMi.Ye4oKoEa3Ro9llC/.og/at2.uheWG/igi,14,Au7XMJJaSz,2023-04-22 04:34:04,2023-04-22 04:34:04
624,Abagail,Hayes,schmidt.araceli@example.com,$2y$10$92IXUNpkjO0rOQ5byMi.Ye4oKoEa3Ro9llC/.og/at2.uheWG/igi,4,hf2vL7U0RG,2023-04-22 04:34:04,2023-04-22 04:34:04
634,Deron,Beier,tferry@example.net,$2y$10$92IXUNpkjO0rOQ5byMi.Ye4oKoEa3Ro9llC/.og/at2.uheWG/igi,14,aeKtoGouqm,2023-04-22 04:34:04,2023-04-22 04:34:04
644,Joel,Blanda,lelah16@example.net,$2y$10$92IXUNpkjO0rOQ5byMi.Ye4oKoEa3Ro9llC/.og/at2.uheWG/igi,14,QlyQjtkw2w,2023-04-22 04:34:04,2023-04-22 04:34:04
654,Kelsie,DuBuque,adrienne06@example.com,$2y$10$92IXUNpkjO0rOQ5byMi.Ye4oKoEa3Ro9llC/.og/at2.uheWG/igi,4,FcLBwj3PaL,2023-04-22 04:34:05,2023-04-22 04:34:05
664,Mateo,Jakubowski,kathryn22@example.org,$2y$10$92IXUNpkjO0rOQ5byMi.Ye4oKoEa3Ro9llC/.og/at2.uheWG/igi,14,RDmdSohLPo,2023-04-22 04:34:05,2023-04-22 04:34:05
674,Nakia,Hartmann,velda68@example.org,$2y$10$92IXUNpkjO0rOQ5byMi.Ye4oKoEa3Ro9llC/.og/at2.uheWG/igi,4,o3yzjvTzIF,2023-04-22 04:34:05,2023-04-22 04:34:05
684,Sylvan,Balistreri,rogers03@example.net,$2y$10$92IXUNpkjO0rOQ5byMi.Ye4oKoEa3Ro9llC/.og/at2.uheWG/igi,14,FqwL2vfGcc,2023-04-22 04:34:05,2023-04-22 04:34:05
694,Weston,Kassulke,johnson.reed@example.com,$2y$10$92IXUNpkjO0rOQ5byMi.Ye4oKoEa3Ro9llC/.og/at2.uheWG/igi,4,9SCxZaMPCC,2023-04-22 04:34:05,2023-04-22 04:34:05
704,Letha,McClure,ereichert@example.com,$2y$10$92IXUNpkjO0rOQ5byMi.Ye4oKoEa3Ro9llC/.og/at2.uheWG/igi,24,IkJA9PoGIS,2023-04-22 04:34:06,2023-04-22 04:34:06
714,Willa,Windler,eladio.powlowski@example.com,$2y$10$92IXUNpkjO0rOQ5byMi.Ye4oKoEa3Ro9llC/.og/at2.uheWG/igi,14,j0NA2TnrQS,2023-04-22 04:34:06,2023-04-22 04:34:06
724,Belle,Hermiston,reichert.arden@example.com,$2y$10$92IXUNpkjO0rOQ5byMi.Ye4oKoEa3Ro9llC/.og/at2.uheWG/igi,4,nUGB7NEywT,2023-04-22 04:34:06,2023-04-22 04:34:06
734,Queenie,Dare,irunolfsson@example.net,$2y$10$92IXUNpkjO0rOQ5byMi.Ye4oKoEa3Ro9llC/.og/at2.uheWG/igi,14,CgEex5rJiO,2023-04-22 04:34:06,2023-04-22 04:34:06
744,Amely,Brekke,thea.wehner@example.com,$2y$10$92IXUNpkjO0rOQ5byMi.Ye4oKoEa3Ro9llC/.og/at2.uheWG/igi,4,ZXskgguGXj,2023-04-22 04:34:07,2023-04-22 04:34:07
754,Lauryn,Dibbert,lela87@example.net,$2y$10$92IXUNpkjO0rOQ5byMi.Ye4oKoEa3Ro9llC/.og/at2.uheWG/igi,4,L8WmHz6i0T,2023-04-22 04:34:07,2023-04-22 04:34:07
764,Glenna,Kub,elliott62@example.com,$2y$10$92IXUNpkjO0rOQ5byMi.Ye4oKoEa3Ro9llC/.og/at2.uheWG/igi,4,bsQE5O1Y3g,2023-04-22 04:34:07,2023-04-22 04:34:07
774,Walton,Steuber,iernser@example.org,$2y$10$92IXUNpkjO0rOQ5byMi.Ye4oKoEa3Ro9llC/.og/at2.uheWG/igi,4,NyJ1oQFHac,2023-04-22 04:34:08,2023-04-22 04:34:08
784,Abner,Miller,abbott.lavada@example.org,$2y$10$92IXUNpkjO0rOQ5byMi.Ye4oKoEa3Ro9llC/.og/at2.uheWG/igi,24,batK2bPrpn,2023-04-22 04:34:08,2023-04-22 04:34:08
794,Kian,Kilback,tgrady@example.net,$2y$10$92IXUNpkjO0rOQ5byMi.Ye4oKoEa3Ro9llC/.og/at2.uheWG/igi,14,lX1oqxznzT,2023-04-22 04:34:08,2023-04-22 04:34:08
804,Darion,Shanahan,zrippin@example.com,$2y$10$92IXUNpkjO0rOQ5byMi.Ye4oKoEa3Ro9llC/.og/at2.uheWG/igi,4,MtQcvDyD6q,2023-04-22 04:34:08,2023-04-22 04:34:08
814,Maxwell,Koch,roma58@example.org,$2y$10$92IXUNpkjO0rOQ5byMi.Ye4oKoEa3Ro9llC/.og/at2.uheWG/igi,14,V9vFpi5jLc,2023-04-22 04:34:09,2023-04-22 04:34:09
824,Maia,Cummings,pascale00@example.org,$2y$10$92IXUNpkjO0rOQ5byMi.Ye4oKoEa3Ro9llC/.og/at2.uheWG/igi,4,jhLAwne4E4,2023-04-22 04:34:09,2023-04-22 04:34:09
834,Abdiel,Torp,orn.layla@example.net,$2y$10$92IXUNpkjO0rOQ5byMi.Ye4oKoEa3Ro9llC/.og/at2.uheWG/igi,14,bxDUBc7knT,2023-04-22 04:34:09,2023-04-22 04:34:09
844,Caleigh,Collins,hiram06@example.net,$2y$10$92IXUNpkjO0rOQ5byMi.Ye4oKoEa3Ro9llC/.og/at2.uheWG/igi,14,axssfUxbME,2023-04-22 04:34:09,2023-04-22 04:34:09
854,Arvel,Jacobs,destiney13@example.net,$2y$10$92IXUNpkjO0rOQ5byMi.Ye4oKoEa3Ro9llC/.og/at2.uheWG/igi,24,We83vWrLxw,2023-04-22 04:34:09,2023-04-22 04:34:09
864,Vern,Wilderman,ncole@example.com,$2y$10$92IXUNpkjO0rOQ5byMi.Ye4oKoEa3Ro9llC/.og/at2.uheWG/igi,4,PfHlxYzssl,2023-04-22 04:34:10,2023-04-22 04:34:10
874,Horacio,Schimmel,isai.lynch@example.net,$2y$10$92IXUNpkjO0rOQ5byMi.Ye4oKoEa3Ro9llC/.og/at2.uheWG/igi,24,Br8IaHdO6X,2023-04-22 04:34:10,2023-04-22 04:34:10
884,Kiley,Shields,juliet.howe@example.net,$2y$10$92IXUNpkjO0rOQ5byMi.Ye4oKoEa3Ro9llC/.og/at2.uheWG/igi,14,zeqQFhh3PW,2023-04-22 04:34:10,2023-04-22 04:34:10
894,Fern,Jacobs,antoinette.stroman@example.org,$2y$10$92IXUNpkjO0rOQ5byMi.Ye4oKoEa3Ro9llC/.og/at2.uheWG/igi,24,ahugEH7Q2d,2023-04-22 04:34:10,2023-04-22 04:34:10
904,Kareem,Lynch,felicia.yundt@example.com,$2y$10$92IXUNpkjO0rOQ5byMi.Ye4oKoEa3Ro9llC/.og/at2.uheWG/igi,14,tooQmSuYfc,2023-04-22 04:34:10,2023-04-22 04:34:10
914,Beth,Rau,stacey38@example.com,$2y$10$92IXUNpkjO0rOQ5byMi.Ye4oKoEa3Ro9llC/.og/at2.uheWG/igi,14,z4evc5kLlN,2023-04-22 04:34:11,2023-04-22 04:34:11
924,Alysa,Weimann,bessie09@example.com,$2y$10$92IXUNpkjO0rOQ5byMi.Ye4oKoEa3Ro9llC/.og/at2.uheWG/igi,14,XSSB3N22VS,2023-04-22 04:34:11,2023-04-22 04:34:11
934,Greyson,Macejkovic,rosemary86@example.com,$2y$10$92IXUNpkjO0rOQ5byMi.Ye4oKoEa3Ro9llC/.og/at2.uheWG/igi,4,aMcsfwHujF,2023-04-22 04:34:11,2023-04-22 04:34:11
944,Santa,Vandervort,mohammed37@example.net,$2y$10$92IXUNpkjO0rOQ5byMi.Ye4oKoEa3Ro9llC/.og/at2.uheWG/igi,24,4UoC3Htg0d,2023-04-22 04:34:11,2023-04-22 04:34:11
954,Jerad,Bahringer,rraynor@example.org,$2y$10$92IXUNpkjO0rOQ5byMi.Ye4oKoEa3Ro9llC/.og/at2.uheWG/igi,14,PlcnLB5RAo,2023-04-22 04:34:12,2023-04-22 04:34:12
964,Chyna,Padberg,otha49@example.com,$2y$10$92IXUNpkjO0rOQ5byMi.Ye4oKoEa3Ro9llC/.og/at2.uheWG/igi,14,s5xrBLfFIa,2023-04-22 04:34:12,2023-04-22 04:34:12
974,Newell,Dooley,pparker@example.com,$2y$10$92IXUNpkjO0rOQ5byMi.Ye4oKoEa3Ro9llC/.og/at2.uheWG/igi,14,D1IhaEYO9T,2023-04-22 04:34:12,2023-04-22 04:34:12
984,Brendan,Parisian,sabshire@example.org,$2y$10$92IXUNpkjO0rOQ5byMi.Ye4oKoEa3Ro9llC/.og/at2.uheWG/igi,14,QPq22L7yBw,2023-04-22 04:34:12,2023-04-22 04:34:12
994,Vladimir,Skiles,braun.cory@example.com,$2y$10$92IXUNpkjO0rOQ5byMi.Ye4oKoEa3Ro9llC/.og/at2.uheWG/igi,4,HRxwn4zSga,2023-04-22 04:34:12,2023-04-22 04:34:12
1004,Tommy,Trojan,ttrojan@usc.edu,$2y$10$5bEqBisJ83uegpVrH2.NreVgZgIjzZDBccKW6d2S0/.YAyKtjrLv2,24,,2023-04-24 16:45:49,2023-04-24 16:45:49
1014,Tommy,Trojan,abc@usc.edu,$2y$10$rPOgnw7rhzmnabO8WHAQmueu0E.2vmjoOTR.zNHVBFGHy7Ox1/Me2,24,,2023-04-24 16:48:17,2023-04-24 16:48:17
1024,Tommy,Trojan,ttrojantest@usc.edu,$2y$10$Y4cBZib2fXBV1A3mm8bWnurpUmDV/BxTVOItTvsaDcsHghPw221hu,24,,2023-04-26 00:23:09,2023-04-26 00:23:09
1044,Jeffrey,Lee,jeffreylee2002@gmail.com,$2y$10$zXgkiCzT9ijXGqpF/jyR7OkOJqFnXzY3D0nDZAZjPT6aBPMHJrpli,24,,2023-04-26 00:52:39,2023-04-26 00:52:39
1064,David,Tang,dtang@usc.edu,$2y$10$igxr1uboRgnKNec6N.mlEeVNKxtVvLTd9wD8knmLnJFWZfF9SBOQ.,24,,2023-04-27 16:59:51,2023-04-27 16:59:51